[
  {
    "id": "fafed80e-1dbb-45b3-86dd-a7298b7008b8",
    "data": [
      {
        "text": "random",
        "alias": "category",
        "meta": "@tip-category",
        "userDefined": true
      }
    ],
    "isTemplate": false,
    "count": 0
  },
  {
    "id": "7d5ef865-a44b-42bc-ad73-c0bb715d78b0",
    "data": [
      {
        "text": "I want to hear about ",
        "userDefined": false
      },
      {
        "text": "voice user interface",
        "alias": "category",
        "meta": "@tip-category",
        "userDefined": true
      }
    ],
    "isTemplate": false,
    "count": 0
  },
  {
    "id": "70f268f2-0dbd-4f12-a950-cec009d06327",
    "data": [
      {
        "text": "voice user interface",
        "alias": "category",
        "meta": "@tip-category",
        "userDefined": true
      }
    ],
    "isTemplate": false,
    "count": 0
  },
  {
    "id": "1d9a1a45-83d2-4d13-8229-46504e8c62ad",
    "data": [
      {
        "text": "I\u0027m interested in the ",
        "userDefined": false
      },
      {
        "text": "dialogflow",
        "alias": "category",
        "meta": "@tip-category",
        "userDefined": true
      },
      {
        "text": " category",
        "userDefined": false
      }
    ],
    "isTemplate": false,
    "count": 0
  },
  {
    "id": "5aecabc2-b8d4-4523-bb1c-17d9b2967dca",
    "data": [
      {
        "text": "I\u0027m interested in ",
        "userDefined": false
      },
      {
        "text": "dialogflow",
        "alias": "category",
        "meta": "@tip-category",
        "userDefined": true
      }
    ],
    "isTemplate": false,
    "count": 0
  },
  {
    "id": "103a22b8-b491-4666-b7d4-79b4716055a8",
    "data": [
      {
        "text": "Tell me about the ",
        "userDefined": false
      },
      {
        "text": "dialogflow",
        "alias": "category",
        "meta": "@tip-category",
        "userDefined": true
      },
      {
        "text": " category",
        "userDefined": false
      }
    ],
    "isTemplate": false,
    "count": 0
  },
  {
    "id": "9914c2f5-e393-43a3-8a52-dc8b53ded61d",
    "data": [
      {
        "text": "Tell me about ",
        "userDefined": false
      },
      {
        "text": "dialogflow",
        "alias": "category",
        "meta": "@tip-category",
        "userDefined": true
      }
    ],
    "isTemplate": false,
    "count": 0
  },
  {
    "id": "3c97ff39-4d0e-4157-94f2-7f4603f863c4",
    "data": [
      {
        "text": "The dialogflow ",
        "userDefined": false
      },
      {
        "text": "category",
        "alias": "category",
        "meta": "@tip-category",
        "userDefined": true
      }
    ],
    "isTemplate": false,
    "count": 0
  },
  {
    "id": "2e451b20-f1f2-4d1c-818e-9d5ae079fc2d",
    "data": [
      {
        "text": "I want to hear about ",
        "userDefined": false
      },
      {
        "text": "dialogflow",
        "alias": "category",
        "meta": "@tip-category",
        "userDefined": true
      }
    ],
    "isTemplate": false,
    "count": 0
  },
  {
    "id": "36d99aaa-b81d-4507-98ae-1c24bcf1e1dc",
    "data": [
      {
        "text": "tools",
        "alias": "category",
        "meta": "@tip-category",
        "userDefined": true
      }
    ],
    "isTemplate": false,
    "count": 0
  },
  {
    "id": "87a3b3d3-3436-4f0b-9333-b747257300fe",
    "data": [
      {
        "text": "dialogflow",
        "alias": "category",
        "meta": "@tip-category",
        "userDefined": true
      }
    ],
    "isTemplate": false,
    "count": 0
  }
]