[
  {
    "id": "d982de14-4de0-41af-b503-07f550588e3a",
    "data": [
      {
        "text": "most recent",
        "userDefined": false
      }
    ],
    "isTemplate": false,
    "count": 0
  },
  {
    "id": "326e098c-a646-4233-9797-d8dd1022e46d",
    "data": [
      {
        "text": "latest",
        "userDefined": false
      }
    ],
    "isTemplate": false,
    "count": 0
  },
  {
    "id": "de921564-c019-4b3f-b6b9-5d5dee4ec105",
    "data": [
      {
        "text": "Tell me the most recently added tip",
        "userDefined": false
      }
    ],
    "isTemplate": false,
    "count": 0
  },
  {
    "id": "dffccf20-c7d2-4afd-b52a-ad5c3b3fa841",
    "data": [
      {
        "text": "Tell me the newest tip",
        "userDefined": false
      }
    ],
    "isTemplate": false,
    "count": 0
  },
  {
    "id": "b7d13135-076d-4944-bebe-b8cd27eb2f41",
    "data": [
      {
        "text": "I want to hear the latest tip",
        "userDefined": false
      }
    ],
    "isTemplate": false,
    "count": 0
  }
]