[
  {
    "id": "0e98cd01-107e-4043-b31c-908e177e5e6c",
    "data": [
      {
        "text": "random",
        "alias": "category",
        "meta": "@tip-category",
        "userDefined": true
      }
    ],
    "isTemplate": false,
    "count": 0
  },
  {
    "id": "8a4ad0f4-06f4-4672-a715-fdbbf2e9541e",
    "data": [
      {
        "text": "I want to hear about ",
        "userDefined": false
      },
      {
        "text": "voice user interface",
        "alias": "category",
        "meta": "@tip-category",
        "userDefined": true
      }
    ],
    "isTemplate": false,
    "count": 0
  },
  {
    "id": "a1cbef46-51c9-4b47-a9b7-2e57b2b59239",
    "data": [
      {
        "text": "voice user interface",
        "alias": "category",
        "meta": "@tip-category",
        "userDefined": true
      }
    ],
    "isTemplate": false,
    "count": 0
  },
  {
    "id": "3954c6a5-c84c-4643-98e5-9e9f225636aa",
    "data": [
      {
        "text": "I\u0027m interested in the ",
        "userDefined": false
      },
      {
        "text": "dialogflow",
        "alias": "category",
        "meta": "@tip-category",
        "userDefined": true
      },
      {
        "text": " category",
        "userDefined": false
      }
    ],
    "isTemplate": false,
    "count": 0
  },
  {
    "id": "6ae139f7-2a07-4f57-b857-07e04b4eb5df",
    "data": [
      {
        "text": "I\u0027m interested in ",
        "userDefined": false
      },
      {
        "text": "dialogflow",
        "alias": "category",
        "meta": "@tip-category",
        "userDefined": true
      }
    ],
    "isTemplate": false,
    "count": 0
  },
  {
    "id": "735892eb-78e6-4dea-995b-1e648f569806",
    "data": [
      {
        "text": "Tell me about the ",
        "userDefined": false
      },
      {
        "text": "dialogflow",
        "alias": "category",
        "meta": "@tip-category",
        "userDefined": true
      },
      {
        "text": " category",
        "userDefined": false
      }
    ],
    "isTemplate": false,
    "count": 0
  },
  {
    "id": "3fe06de9-1d62-4e58-8a8c-a0ee5a92239e",
    "data": [
      {
        "text": "Tell me about ",
        "userDefined": false
      },
      {
        "text": "dialogflow",
        "alias": "category",
        "meta": "@tip-category",
        "userDefined": true
      }
    ],
    "isTemplate": false,
    "count": 0
  },
  {
    "id": "cb9a898e-6d05-4eb8-bcb7-1b25fcf6d2dd",
    "data": [
      {
        "text": "The dialogflow ",
        "userDefined": false
      },
      {
        "text": "category",
        "alias": "category",
        "meta": "@tip-category",
        "userDefined": true
      }
    ],
    "isTemplate": false,
    "count": 0
  },
  {
    "id": "f1f9b93c-a1fa-4463-bafd-b9e57cb86db9",
    "data": [
      {
        "text": "I want to hear about ",
        "userDefined": false
      },
      {
        "text": "dialogflow",
        "alias": "category",
        "meta": "@tip-category",
        "userDefined": true
      }
    ],
    "isTemplate": false,
    "count": 0
  },
  {
    "id": "41864f05-207f-4028-a55e-f968f9c52df4",
    "data": [
      {
        "text": "tools",
        "alias": "category",
        "meta": "@tip-category",
        "userDefined": true
      }
    ],
    "isTemplate": false,
    "count": 0
  },
  {
    "id": "8a889ac3-6a81-4e13-a11c-c75370f5040f",
    "data": [
      {
        "text": "dialogflow",
        "alias": "category",
        "meta": "@tip-category",
        "userDefined": true
      }
    ],
    "isTemplate": false,
    "count": 0
  }
]