[
  {
    "id": "5de716a9-1dc9-4675-bf99-28e36a438bfb",
    "data": [
      {
        "text": "most recent",
        "userDefined": false
      }
    ],
    "isTemplate": false,
    "count": 0
  },
  {
    "id": "d1d1778e-e0bd-440d-8a97-2f0800d7ce6a",
    "data": [
      {
        "text": "latest",
        "userDefined": false
      }
    ],
    "isTemplate": false,
    "count": 0
  },
  {
    "id": "dada23b1-07f2-45ee-b1b5-f825427b738b",
    "data": [
      {
        "text": "Tell me the most recently added tip",
        "userDefined": false
      }
    ],
    "isTemplate": false,
    "count": 0
  },
  {
    "id": "43daa359-9433-44bf-8a1f-39ff05409e08",
    "data": [
      {
        "text": "Tell me the newest tip",
        "userDefined": false
      }
    ],
    "isTemplate": false,
    "count": 0
  },
  {
    "id": "3d035f81-04e2-440c-9f59-36edf9fc0578",
    "data": [
      {
        "text": "I want to hear the latest tip",
        "userDefined": false
      }
    ],
    "isTemplate": false,
    "count": 0
  }
]